{
  "tree_label": "1",
  "species_id": "euc_high",
  "species_name": "Eucalypt \u2013 High Strength (ironbark / spotted gum type)",
  "site_location": "home",
  "inputs": {
    "dbh_cm": 32.0,
    "height_m": 16.0,
    "crown_diameter_m": 12.0,
    "cavity_inner_diameter_cm": 0.5,
    "design_wind_speed_ms": 55.0,
    "site_factor": 1.0
  },
  "defects": {
    "bracket_fungi": true,
    "cavity_decay": true,
    "cracks": true,
    "basal_decay": true,
    "union": true,
    "other": "",
    "strength_factor_k_defect": 0.41472000000000014
  },
  "result": {
    "safety_factor": 0.1953895391153269,
    "bending_stress_mpa": 106.12645945062992,
    "q_pa": 1815.0,
    "wind_force_n": 32330.287077725243,
    "bending_moment_nm": 341407.83154077857,
    "wind_to_failure_ms": 24.311588920180924
  },
  "decay": {
    "current_residual_percent": 98.4375,
    "critical_residual_percent": null,
    "critical_wall_thickness_cm": null
  },
  "graphs": {
    "sf_vs_wind": {
      "x": [
        27.5,
        34.0,
        40.5,
        47.0,
        53.5,
        60.0,
        66.5,
        73.0,
        79.5,
        86.0,
        92.5,
        99.0
      ],
      "y": [
        0.7815581564613076,
        0.5112918302974602,
        0.3603434572924029,
        0.2675660279872629,
        0.20649955658096386,
        0.16418148772885108,
        0.13365444192975612,
        0.11091262072131056,
        0.09351740134074821,
        0.07991527255595778,
        0.0690785514476393,
        0.06030541330719966
      ]
    },
    "sf_vs_residual_wall": {
      "x": [
        20.0,
        30.0,
        40.0,
        50.0,
        60.0,
        70.0,
        80.0,
        90.0,
        100.0
      ],
      "y": [
        0.11535799076956105,
        0.14847651962362715,
        0.17006706498276752,
        0.18317770383886092,
        0.19038757826195846,
        0.19380689540028387,
        0.19507692748023328,
        0.1953700118063755,
        0.1953895507614517
      ]
    },
    "sf_vs_crown_reduction": {
      "x": [
        0.0,
        1.25,
        2.5,
        3.75,
        5.0,
        6.25,
        7.5,
        8.75,
        10.0
      ],
      "y": [
        0.20567319906876522,
        0.2109130706681776,
        0.2163557649638556,
        0.2220118863282336,
        0.22789274135043236,
        0.23401039538490614,
        0.2403777344850432,
        0.24700853331583736,
        0.2539175297145249
      ]
    }
  }
}